pdb_id,best_rmsd,mean_rmsd,final_energy,time_sec
1aq1,0.9714642763137817,0.9714642763137817,55.492637634277344,698.7
1b8o,1.9040085077285767,1.9040085077285767,-186.75927734375,524.5
1eve,1.769121766090393,1.769121766090393,-164.26419067382812,337.3
1f0r,2.391904354095459,2.391904354095459,437.8568115234375,185.5
1glh,2.5371458530426025,2.5371458530426025,-2.4158589839935303,1884.1
1gpk,0.47870922088623047,0.47870922088623047,-471.14776611328125,144.2
