{
  "summary": {
    "SR@2A": 100.0,
    "SR@5A": 100.0,
    "median_rmsd": 1.264
  },
  "per_target": [
    {
      "pdb_id": "1a9u",
      "best_rmsd": 1.264,
      "SR@2A": 1.0,
      "SR@5A": 1.0,
      "steps": 300,
      "beam": false,
      "fksmc": true,
      "socm": false,
      "srpg": false,
      "no_backbone": false,
      "log_Z": [
        128.0975799560547,
        134.90695190429688,
        135.9847869873047,
        145.7828369140625,
        155.30430603027344,
        147.04296875,
        166.37721252441406,
        158.37277221679688,
        171.84645080566406,
        162.09042358398438,
        178.4337158203125,
        171.95367431640625,
        178.6376495361328,
        178.56483459472656,
        182.49049377441406,
        180.1416015625,
        186.014892578125,
        185.64389038085938,
        192.75927734375,
        166.62185668945312,
        176.55239868164062,
        187.44264221191406,
        174.10626220703125,
        200.67160034179688,
        186.612548828125,
        187.12533569335938,
        192.07330322265625,
        183.41111755371094,
        185.5935821533203,
        178.4877471923828,
        204.58893966674805,
        182.83212089538574,
        214.07372283935547,
        203.4700107574463,
        180.7433934211731,
        206.99493980407715,
        201.35184288024902,
        210.2848720550537,
        213.08203887939453,
        212.17681121826172,
        217.77567291259766,
        214.1204833984375,
        217.63713836669922,
        211.6818389892578,
        217.9690933227539,
        213.58026123046875,
        213.380615234375,
        208.4518756866455,
        213.58960723876953,
        211.69861602783203,
        214.74834442138672,
        214.06793975830078,
        218.51917266845703,
        217.94749450683594,
        215.64139556884766,
        208.8034954071045,
        210.84347534179688,
        210.8302764892578,
        214.3509521484375,
        207.74057960510254,
        263.71717262268066,
        261.18513679504395,
        260.8351993560791,
        263.79065895080566,
        264.7043399810791,
        258.4424076080322,
        265.72480964660645,
        262.6437244415283,
        259.42437171936035,
        262.51880836486816,
        264.22082710266113,
        256.511079788208,
        265.49964332580566,
        264.3185062408447,
        264.1147861480713,
        260.89810371398926,
        262.8873996734619,
        259.38457679748535,
        265.90183448791504,
        264.1320972442627,
        266.16753578186035,
        263.9920139312744,
        266.5051898956299,
        268.14497566223145,
        267.5257205963135,
        260.55862617492676,
        268.5210437774658,
        265.3841724395752,
        267.37112617492676,
        267.45633125305176,
        283.3166904449463,
        273.42502307891846,
        286.34135246276855,
        281.5661220550537,
        279.7502632141113,
        283.27573585510254,
        285.48627281188965,
        275.86025047302246,
        286.62222480773926,
        283.7771625518799,
        279.81286430358887,
        286.5098876953125,
        277.581600189209,
        285.25694847106934,
        282.4090042114258,
        284.53277587890625,
        280.66913318634033,
        286.47013092041016,
        275.95223236083984,
        286.71414947509766,
        285.45141410827637,
        286.0257263183594,
        286.17259979248047,
        283.33737564086914,
        286.67402839660645,
        279.1778869628906,
        286.4150390625,
        286.3978271484375,
        285.4559020996094,
        281.78622245788574,
        282.8314275741577,
        284.9650068283081,
        286.18802881240845,
        287.1185417175293,
        287.0844087600708,
        285.85371828079224,
        287.2297239303589,
        285.3801226615906,
        287.1741361618042,
        286.2400794029236,
        285.77423572540283,
        286.3278965950012,
        285.93160343170166,
        286.97918701171875,
        283.4699115753174,
        286.73739194869995,
        286.33229303359985,
        283.7953643798828,
        286.8776502609253,
        286.7292113304138,
        286.53902435302734,
        286.8142156600952,
        285.6106162071228,
        286.7809944152832,
        286.45186853408813,
        286.33511447906494,
        286.17818784713745,
        285.83969736099243,
        286.37192726135254,
        286.8312406539917,
        301.71494579315186,
        310.1533136367798,
        309.4791078567505,
        309.4348440170288,
        309.63339138031006,
        308.67578411102295,
        310.0782632827759,
        304.24676990509033,
        308.68732357025146,
        300.15841579437256,
        307.29443073272705,
        305.59876537323,
        307.7881917953491,
        309.2997407913208,
        308.2749662399292,
        308.7992925643921,
        308.26000118255615,
        306.74395275115967,
        308.40582942962646,
        304.3679533004761,
        308.07218647003174,
        308.5979280471802,
        299.27032566070557,
        308.63652896881104,
        305.45377826690674,
        308.0968370437622,
        306.76155948638916,
        306.1235227584839,
        303.45654582977295,
        308.6237802505493,
        308.9773440361023,
        308.58050632476807,
        309.2143712043762,
        308.8850293159485,
        308.23261308670044,
        310.7641382217407,
        309.1048438549042,
        310.3963885307312,
        307.8400739431381,
        310.9098243713379,
        308.73794889450073,
        311.0105404853821,
        309.0968482494354,
        311.3879690170288,
        309.2606556415558,
        310.7402105331421,
        309.65097737312317,
        310.5753240585327,
        308.6484489440918,
        310.69910526275635,
        309.2151017189026
      ]
    }
  ]
}