{
  "summary": {
    "SR@2A": 100.0,
    "SR@5A": 100.0,
    "median_rmsd": 1.863
  },
  "per_target": [
    {
      "pdb_id": "4ecy",
      "best_rmsd": 1.863,
      "SR@2A": 1.0,
      "SR@5A": 1.0,
      "steps": 200,
      "beam": false,
      "fksmc": true,
      "socm": false,
      "srpg": false,
      "log_Z": [
        121.19400024414062,
        173.9537811279297,
        150.02557373046875,
        140.75112915039062,
        143.84605407714844,
        149.26504516601562,
        167.54888916015625,
        156.8505096435547,
        180.69224548339844,
        149.8509521484375,
        203.76402282714844,
        179.53579711914062,
        203.31088256835938,
        216.66012573242188,
        171.1215362548828,
        211.4824676513672,
        179.36770629882812,
        187.11624145507812,
        170.38421630859375,
        165.43716430664062,
        127.1098403930664,
        239.65924072265625,
        152.33395385742188,
        206.84603881835938,
        191.92135620117188,
        179.1507110595703,
        215.09249877929688,
        208.69778442382812,
        200.43853759765625,
        236.14501953125,
        685.2132568359375,
        697.37841796875,
        649.4202880859375,
        746.7222900390625,
        531.8941345214844,
        752.28564453125,
        709.3873291015625,
        686.9866638183594,
        641.9570007324219,
        774.701171875,
        591.1966552734375,
        373.9654846191406,
        499.30291748046875,
        594.1791076660156,
        557.1799926757812,
        712.8551635742188,
        583.5869445800781,
        703.4451293945312,
        423.877685546875,
        448.3809356689453,
        581.8102416992188,
        642.1076965332031,
        556.876220703125,
        675.0664978027344,
        645.5892333984375,
        703.0233459472656,
        597.1635437011719,
        713.4080505371094,
        755.3870239257812,
        749.6725463867188,
        1416.6654052734375,
        1255.3323059082031,
        1101.7817687988281,
        1366.5584106445312,
        1127.0855712890625,
        915.1901092529297,
        916.9725646972656,
        1033.4521789550781,
        1219.8792114257812,
        1060.2637939453125,
        947.0986175537109,
        1245.5205688476562,
        1115.6561279296875,
        1235.5715026855469,
        1263.63330078125,
        1205.7530212402344,
        1389.8500366210938,
        1031.8859252929688,
        916.4532470703125,
        1088.8106384277344,
        1290.0055541992188,
        1222.8878784179688,
        1012.7117919921875,
        1197.583251953125,
        1254.1896057128906,
        1089.7860717773438,
        1274.6199340820312,
        1074.4038696289062,
        1358.6787109375,
        1240.8377990722656,
        1771.6542663574219,
        1586.8589172363281,
        1642.4564208984375,
        1593.4657592773438,
        1869.1804504394531,
        1822.4381408691406,
        1774.4516296386719,
        1845.8468933105469,
        1548.6337585449219,
        1691.73828125,
        1549.1773071289062,
        1784.2413024902344,
        1529.8580627441406,
        1474.7034606933594,
        1654.6004943847656,
        1559.3503723144531,
        1551.0661010742188,
        1553.5514526367188,
        1583.7860412597656,
        1728.0047912597656,
        1503.3808288574219,
        1505.0027770996094,
        1646.6458435058594,
        1582.4682922363281,
        1632.5852661132812,
        1639.4862670898438,
        1534.1622924804688,
        1608.2033386230469,
        1649.2884216308594,
        1589.1983947753906,
        2792.487823486328,
        2677.9596252441406,
        2711.878936767578,
        2262.133087158203,
        2690.6007385253906,
        2602.4798889160156,
        2802.187530517578,
        2642.9754943847656,
        2562.314239501953,
        2709.573760986328,
        2781.454132080078,
        2776.516387939453,
        2665.610382080078,
        2738.485870361328,
        2793.220733642578,
        2727.676544189453,
        2749.733184814453,
        2755.186065673828,
        2591.7664489746094,
        2764.428009033203,
        2503.7371520996094,
        2304.364044189453,
        1863.9853820800781,
        2689.346221923828,
        2338.5287170410156,
        2702.467071533203,
        2563.6000061035156,
        2343.7220764160156,
        2547.0641174316406,
        2639.4405822753906,
        2930.6724243164062,
        2480.1117248535156,
        2882.8865661621094,
        2766.797782897949,
        2496.1297607421875,
        2488.84033203125,
        2872.5765075683594,
        2927.5191650390625,
        3044.1849060058594,
        3071.632537841797,
        3154.7606506347656,
        3022.419952392578,
        3024.5198974609375,
        2978.8532104492188,
        3083.913299560547,
        3078.406982421875,
        3042.7979431152344,
        3114.974639892578,
        3023.446319580078,
        3117.1731872558594,
        3089.479278564453,
        2999.6930541992188,
        3144.775115966797,
        3118.647705078125,
        3086.018096923828,
        3149.483856201172,
        3054.7830505371094,
        3153.4852600097656,
        3146.9984130859375,
        3022.2447814941406,
        3096.7356185913086,
        3071.6107330322266,
        3451.1431884765625,
        3652.7417907714844,
        3602.4169006347656,
        3756.9273376464844,
        3595.105255126953,
        3622.1983947753906,
        3590.7391052246094,
        3644.666778564453,
        3201.9976806640625,
        3193.862014770508,
        3309.657257080078,
        3294.9752502441406,
        3611.4773864746094,
        3597.0774841308594,
        3674.1954650878906,
        3623.399871826172,
        3287.2694091796875
      ]
    }
  ]
}